{
  "mape": 0.9632900627959526,
  "rmse": 0.3414787884440851
}