{
  "mape": 1.7645701071122444,
  "rmse": 0.5668266594436671
}