{
  "avg_reward": -19.323082159042357,
  "avg_shed": 0.0,
  "avg_re_frac": 0.41916666666666674,
  "avg_th_frac": 0.5808333333333333
}